{"lambda": [[1.240562262972674, 1.2004660912330813, 1.4609519989392754, 2.223265411271946, 2.1642219884180784, 1.990082636715637, 1.9658480677605152, 3.4026143316685697, 2.667046517484327], [1.337408769886932, 1.4989707752278396, 1.3571933602687816, 1.2740489914386186, 1.7762619109785744, 1.864529685693652, 1.537091142850905, 1.6818936651419045, 1.5176939714676911], [1.9218388327634175, 1.5168083111476303, 1.4976202374911474, 1.3613238201883633, 0.8889811631437209, 1.760342771906454, 1.3014045482662886, 1.393162376190224, 1.5066058144594232], [1.4951926763265238, 1.568982040626539, 1.5102563396848439, 1.6770972737164545, 1.463310733712643, 1.4951992577694286, 1.495095470003966, 1.469373682303999, 1.7381001642166447], [1.499738515721455, 1.5349453052631978, 1.5053691035882961, 1.5596742608365872, 1.4922275399022247, 1.4403728002193927, 1.5009313149118542, 1.5176278610038858, 1.4956773773711654], [1.380924274706402, 1.555953170496882, 1.4127081333679974, 1.5130374879091117, 1.4302739030630525, 1.440434052403911, 1.408365052187471, 1.5009974316412653, 1.4920702836145836], [1.5017629480411097, 1.4505579269769437, 1.3957654987122419, 1.6411913793034196, 1.537205567140717, 1.4781752651901785, 1.3913544906559274, 0.0, 1.4511844403475256], [1.3737200220089845, 1.5187446631441412, 1.4317678610883278, 1.5378475252915742, 1.4162388340273784, 1.3980665270668755, 1.3424359880621066, 1.0001854692403478, 1.3575428970639318], [0.23843464790468816, 1.3949633717758871, 0.8576348485401576, 0.508666753875453, 1.0118907085705051, 1.2170496865916387, 1.1681687542966286, 1.3066507011890265, 0.3390489276631796]], "p_geom": [[0.31983239550456544, 0.2757352961729368, 0.24902215871679378, 0.615384608240402, 0.6108339270306246, 0.681490343298495, 0.7282051335831398, 0.7834645594403298, 0.7007299164949152], [0.14134698314910046, 0.08563570931015226, 0.14601945989931409, 0.5778894397663221, 0.616067829820334, 0.6116751364876973, 0.6396694190684752, 0.6758147675326129, 0.07107462368090282], [0.08642606274604409, 0.06578568769055518, 0.09118308344092198, 0.4840493353508372, 0.5594444378957922, 0.5630070229003654, 0.5708661334828707, 0.034014858968693884, 0.013415137909405165], [0.06756401284856087, 0.05941775013485616, 0.0635933116557589, 0.14870659766195127, 0.1703245606993562, 0.12112054668170527, 0.11955389571687676, 0.10469360460003056, 0.04250417275900077], [0.024591617743303065, 0.023199275007160805, 0.028427641136188602, 0.0765381669468827, 0.08104740460833852, 0.08436590887455425, 0.08075944084201346, 0.07594257150627755, 0.03616719249670886], [0.059667814632540395, 0.04655747672579361, 0.06190196545328461, 0.0970716668225358, 0.11517130300971504, 0.117379270017924, 0.1310483773126697, 0.43554376911324755, 0.0489593244457373], [0.04174012307010624, 0.03965874700909686, 0.040040317218288525, 0.06348037514125866, 0.07282613568196036, 0.07499202474789445, 0.06680224329134307, 0.5510354944705106, 0.055065272049435274], [0.015299109657634756, 0.013631314260156737, 0.014778293464529227, 0.0781273215976108, 0.0751853391653962, 0.07156224152034721, 0.07824770333948086, 0.665847110976239, 0.045188788984482905], [0.5970149210191867, 0.057966389758822644, 0.6435185119485057, 0.6111696500091911, 0.6620553293762508, 0.6677908799089364, 0.6814881020534372, 0.7069510132318811, 0.6229413645523472]], "p": [[0.0, 0.0, 0.0, 0.0, 0.0, 0.0, 0.0, 0.0, 0.0], [0.3258476560620233, 0.4943047988946072, 0.29622974303020416, 0.0, 0.0, 0.0, 0.0, 0.0, 0.9578143216693532], [0.20876094817195862, 0.496778190965029, 0.5852262376717994, 0.0, 0.0, 0.0, 0.0, 0.985056209737053, 0.9487583062591537], [0.9245805040051448, 0.8920939920855712, 0.9535694779721379, 0.8058722779029457, 0.778380914158906, 0.8120556973518053, 0.860762833520084, 0.898406855381731, 0.7154835161264631], [0.9291604085734377, 0.893898948143878, 0.851934422887261, 0.8719474478444895, 0.9131185922276898, 0.8808754806520773, 0.848024158061917, 0.9201303182427772, 0.807046732673744], [0.8042222957443033, 0.9110479520965208, 0.9106199766673196, 0.8527328296402035, 0.8736260635524693, 0.9062161254346521, 0.8503658350150861, 0.0, 0.8854796434109649], [0.8486143746415926, 0.8501615913318525, 0.9418221163627266, 0.9255615188855257, 0.8976650882413194, 0.9225322053864442, 0.9513537864980682, 0.0, 0.9123898019097159], [0.9287280132148615, 0.9151884111429248, 0.9149772523916683, 0.9158828590833231, 0.9372467611727595, 0.9352371403198666, 0.9518478427979006, 0.0, 0.9417096333736721], [0.0, 0.9756502549863011, 0.0, 0.0, 0.0, 0.0, 0.0, 0.0, 0.0]]}